{
  "firedragon.child.idle": {
    "category": "neutral",
    "sounds": [
      "iceandfire:firedragon_child_idle_0",
      "iceandfire:firedragon_child_idle_1",
      "iceandfire:firedragon_child_idle_2"
    ]
  },
  "firedragon.child.hurt": {
    "category": "neutral",
    "sounds": [
      "iceandfire:firedragon_child_hurt_0",
      "iceandfire:firedragon_child_hurt_1"
    ]
  },
  "firedragon.child.death": {
    "category": "neutral",
    "sounds": [
      "iceandfire:firedragon_child_die_0"
    ]
  },
  "firedragon.child.roar": {
    "category": "neutral",
    "sounds": [
      "iceandfire:firedragon_child_die_0"
    ]
  },
  "firedragon.teen.idle": {
    "category": "neutral",
    "sounds": [
      "iceandfire:firedragon_teen_idle_0",
      "iceandfire:firedragon_teen_idle_1",
      "iceandfire:firedragon_teen_idle_2",
      "iceandfire:firedragon_teen_idle_3",
      "iceandfire:firedragon_teen_idle_4",
      "iceandfire:firedragon_teen_idle_5"
    ]
  },
  "firedragon.teen.hurt": {
    "category": "neutral",
    "sounds": [
      "iceandfire:firedragon_teen_hurt_0",
      "iceandfire:firedragon_teen_hurt_1"
    ]
  },
  "firedragon.teen.death": {
    "category": "neutral",
    "sounds": [
      "iceandfire:firedragon_teen_die_0"
    ]
  },
  "firedragon.teen.roar": {
    "category": "neutral",
    "sounds": [
      "iceandfire:firedragon_teen_roar_0",
      "iceandfire:firedragon_teen_roar_1"
    ]
  },
  "firedragon.adult.idle": {
    "category": "neutral",
    "sounds": [
      "iceandfire:firedragon_adult_idle_0",
      "iceandfire:firedragon_adult_idle_1",
      "iceandfire:firedragon_adult_idle_2",
      "iceandfire:firedragon_adult_idle_3"
    ]
  },
  "firedragon.adult.hurt": {
    "category": "neutral",
    "sounds": [
      "iceandfire:firedragon_adult_hurt_0",
      "iceandfire:firedragon_adult_hurt_1",
      "iceandfire:firedragon_adult_hurt_2"
    ]
  },
  "firedragon.adult.death": {
    "category": "neutral",
    "sounds": [
      "iceandfire:firedragon_adult_hurt_0",
      "iceandfire:firedragon_adult_hurt_1",
      "iceandfire:firedragon_adult_hurt_2"
    ]
  },
  "firedragon.adult.roar": {
    "category": "neutral",
    "sounds": [
      "iceandfire:firedragon_adult_roar_0",
      "iceandfire:firedragon_adult_roar_1"
    ]
  },
  "icedragon.child.idle": {
    "category": "neutral",
    "sounds": [
      "iceandfire:icedragon_child_idle_0",
      "iceandfire:icedragon_child_idle_1",
      "iceandfire:icedragon_child_idle_2"
    ]
  },
  "icedragon.child.hurt": {
    "category": "neutral",
    "sounds": [
      "iceandfire:icedragon_child_hurt_0",
      "iceandfire:icedragon_child_hurt_1",
      "iceandfire:icedragon_child_hurt_2",
      "iceandfire:icedragon_child_hurt_3"
    ]
  },
  "icedragon.child.death": {
    "category": "neutral",
    "sounds": [
      "iceandfire:icedragon_child_hurt_0",
      "iceandfire:icedragon_child_hurt_1",
      "iceandfire:icedragon_child_hurt_2",
      "iceandfire:icedragon_child_hurt_3"
    ]
  },
  "icedragon.teen.idle": {
    "category": "neutral",
    "sounds": [
      "iceandfire:icedragon_teen_idle_0",
      "iceandfire:icedragon_teen_idle_1",
      "iceandfire:icedragon_teen_idle_2",
      "iceandfire:icedragon_teen_idle_3",
      "iceandfire:icedragon_teen_idle_4"
    ]
  },
  "icedragon.teen.hurt": {
    "category": "neutral",
    "sounds": [
      "iceandfire:icedragon_teen_hurt_0",
      "iceandfire:icedragon_teen_hurt_1",
      "iceandfire:icedragon_teen_hurt_2"
    ]
  },
  "icedragon.teen.death": {
    "category": "neutral",
    "sounds": [
      "iceandfire:icedragon_teen_die_0",
      "iceandfire:icedragon_teen_die_1"
    ]
  },
  "icedragon.adult.idle": {
    "category": "neutral",
    "sounds": [
      "iceandfire:icedragon_adult_idle_0",
      "iceandfire:icedragon_adult_idle_1",
      "iceandfire:icedragon_adult_idle_2"
    ]
  },
  "icedragon.adult.hurt": {
    "category": "neutral",
    "sounds": [
      "iceandfire:icedragon_adult_hurt_0",
      "iceandfire:icedragon_adult_hurt_1",
      "iceandfire:icedragon_adult_hurt_2"
    ]
  },
  "icedragon.adult.death": {
    "category": "neutral",
    "sounds": [
      "iceandfire:icedragon_adult_die_0",
      "iceandfire:icedragon_adult_die_1"
    ]
  },
  "dragonegg.hatch": {
    "category": "neutral",
    "sounds": [
      "iceandfire:egg_hatch"
    ]
  },
  "dragonflute": {
    "category": "neutral",
    "sounds": [
      "iceandfire:dragon_flute"
    ]
  }
}